Nama,Stok Layanan,Stok Keuangan,Stok Umum,Stok Cash & Pensiun
"Paper Clip",0,0,0,0,
"Remover (Pembuka Isi Staples)",0,0,0,0,
"Karton Bufalo Cover",0,0,0,0,
"Kertas HVS A4",0,0,0,0,
"Pulpen",0,0,0,0,
"Spidol Snowman Boardmarker 3 warna B4 H8",0,0,0,0,
"Buku Ekspedisi",0,0,0,0,
"Kertas Nomor Panggilan SPP",0,0,0,0,
"Sticky Note Pronto",0,0,0,0,
"Baterai Alkaline AAA",0,0,0,0,
"Baterai Alkaline AA",0,0,0,0,
"Stabillo",0,0,0,0,
"Stapler HD-10",0,0,0,0,
"Ballpoint Ball Liner",0,0,0,0,
"Tinta Stempel Biru",0,0,0,0,
"CF 14 7/8 X 11 2 PLY",0,0,0,0,
"CF 9 1/2 x 11" 3 PLY (NCR)",0,0,0,0,
"Toner HP Laserjet 204 Cyan",0,0,0,0,
"Toner HP Laserjet 204 Magenta",0,0,0,0,
"Toner HP Laserjet 204 Yellow",0,0,0,0,
"Toner HP Laserjet 204 Black",0,0,0,0,
"TONER XEROX DOCUPRINT CP315 DW CYAN",0,0,0,0,
"TONER XEROX DOCUPRINT CP315 DW MAGENTA",0,0,0,0,
"TONER XEROX DOCUPRINT CP315 DW YELLOW",0,0,0,0,
"TONER XEROX DOCUPRINT CP315 DW BLACK",0,0,0,0,
"Toner HP Laserjet 76A",0,0,0,0,
"Toner HP LaserJet 400 305A Cyan",0,0,0,0,
"Toner HP LaserJet 400 305A Magenta",0,0,0,0,
"Toner HP LaserJet 400 305A Yellow",0,0,0,0,
"Toner HP LaserJet 400 305A Black",0,0,0,0,
"Toner Hp Laserjet P1005 35A",0,0,0,0,
"Toner TN-261 Brother HL-3170CDW Cyan",0,0,0,0,
"Toner TN-261 Brother HL-3170CDW Magenta",0,0,0,0,
"Toner TN-261 Brother HL-3170CDW Yellow",0,0,0,0,
"Toner TN-261 Brother HL-3170CDW Black",0,0,0,0,
"Toner HP Laserjet Pro M402n 26A",0,0,0,0,
"Toner Hp Laserjet Pro 400 80A",0,0,0,0,
"Toner TN-351 Brother MFC-L8850CDW Cyan",0,0,0,0,
"Toner TN-351 Brother MFC-L8850CDWMagenta",0,0,0,0,
"Toner TN-351 Brother MFC-L8850CDW Yellow",0,0,0,0,
"Toner TN-351 Brother MFC-L8850CDW Black",0,0,0,0,
"Mouse Wireless",0,0,0,0,
"Ribbon Epson Lq-2190",0,0,0,0,
"Amplop Coklat Logo Taspen",0,0,0,0,
"Blanko FPP",0,0,0,0,
"SPTB",0,0,0,0,
"Formulir Persyaratan",0,0,0,0,
"Blanko KPPG",0,0,0,0,
"Formulir AKT 2",0,0,0,0,
"Map Dosir Pensiun",0,0,0,0,
"Formulir Wawancara Beasiswa",0,0,0,0,
"Formulir Surat Kuasa Ahli Waris",0,0,0,0,
"Formulir Keterangan Ahli Waris",0,0,0,0,
"Formulir Mutasi",0,0,0,0,
"Formulir Keterangan Janda/Duda",0,0,0,0,
"Blanko Wawancara",55,99,88,88,
"Ribbon Cart. Epson LQ2180 / LQ2190",0,0,0,0,
"Toner HP Laser Jet 26A, Premium (A)",0,0,0,0,
"Toner Color HP LJ CF510 - 204A Black, Premium (A)",0,0,0,0,
"Toner Color HP LJ CF511 - 204A Cyan, Premium (A)",0,0,0,0,
"Toner Color HP LJ CF512 - 204A Yellow, Premium (A)",0,0,0,0,
"Toner Color HP LJ CF513 - 204A Magenta, Premium (A)",0,0,0,0,
"Toner Cartridge HP CF276A, with chip",0,0,0,0,
"Ballpoint Pentel I",0,0,0,0,
"Isi Ball Point Pentel",0,0,0,0,
"Baterai Alkaline A2 / A3",0,0,0,0,
"Baterai Alkaline A2 / A4",0,0,0,0,
"Baterai Alkaline A2 / A5",0,0,0,0,
"Kertas HVS 70 Gram A4 - SIDU",0,0,0,0,
"Lem Povinal",0,0,0,0,
"Box dosir",0,0,0,0,
"Pensil 2B",0,0,0,0,
"Kertas Corcorde",0,0,0,0,
"Boll paint Uni-Ball",0,0,0,0,
"Ballpoint Snowman BP-7",0,0,0,0,
"Ballpoint Snowman BP-8",0,0,0,0,
"Ballpoint Snowman BP-9",0,0,0,0,
"Ballpoint Snowman BP-10",0,0,0,0,
"Ballpoint Snowman BP-11",0,0,0,0,
"BATU BATERAY A3",0,0,0,0,
"BATU BATERAY A4",0,0,0,0,
"BATU BATERAY A5",0,0,0,0,
"BATU BATERAY A6",0,0,0,0,
"BATU BATERAY A7",0,0,0,0,
"KERTAS HVS A4 70 GRAM",0,0,0,0,
"KERTAS ART PAPER",0,0,0,0,
"TERMALROLL",0,0,0,0,
"BALLPOINT PENTEL",0,0,0,0,
"HECMACHINE KECIL HD 10 MAX",0,0,0,0,
"LEM PUTIH FOX",0,0,0,0,
"BOX FILE",0,0,0,0,
"TONER LASERJET HP 80A",0,0,0,0,
"TONER LASERJET HP 48A",0,0,0,0,
"MOUSE WIRELESS + KEYBOARD LOGITECH",0,0,0,0,
"TONER HP LASERJET 204A BLACK",0,0,0,0,
"TONER HP LASERJET 204A CYAN",0,0,0,0,
"TONER HP LASERJET 204A YELLOW",0,0,0,0,
"TONER HP LASERJET 204A MAGENTA",0,0,0,0,
